llm_type,query_type,query,spec_type,generated_params,scores,eval_times
gpt-3.5,explicit,"Give me the weather forecast for London today, including temperature, precipitation, and air quality index.",partial,"{
    ""q"": ""London"",
    ""days"": ""1"",
    ""lang"": ""en"",
    ""aqi"": ""yes""
}",90.0,0.6289553642272949
gpt-3.5,explicit,Find me the cheapest available economy-class flight from John F. Kennedy Airport (JFK) in New York City to Incheon International Airport (ICN) for two adults departing today.,partial,"{
    ""fromId"": ""JFK"",
    ""toId"": ""ICN"",
    ""departDate"": ""today"",
    ""adults"": ""2"",
    ""cabinClass"": ""economy""
}",100.0,0.7454590797424316
gpt-3.5,ambiguous,"What's the weather in London today? I don't know if I can go out this afternoon with my allergies, they get bad with the air quality",partial,"{
    ""q"": ""London"",
    ""dt"": ""today"",
    ""aqi"": ""true""
}",66.66666666666667,1.0733859539031982
gpt-3.5,ambiguous,I need an affordable flight for today's date from JFK airport to Seoul for my husband and I,partial,"{
    ""fromId"": ""JFK"",
    ""toId"": ""ICN"",
    ""departDate"": ""YYYY-MM-DD"",
    ""adults"": ""2""
}",86.0,0.6732549667358398
gpt-3.5,vague,Is it a good idea to go out in London today?,partial,"{
    ""q"": ""Is it a good idea to go out in London today?"",
    ""days"": ""1"",
    ""lang"": ""en""
}",66.66666666666667,0.7465102672576904
gpt-3.5,vague,Can I get a good flight deal from New York to South Korea today?,partial,"{
    ""fromId"": ""New York"",
    ""toId"": ""South Korea"",
    ""departDate"": ""today""
}",72.0,1.2128844261169434
